CREATE DATABASE xadrez;
USE xadrez;

SET foreign_key_checks = 0;
DROP TABLE IF EXISTS `Hotel`;
DROP TABLE IF EXISTS `Participante`;
DROP TABLE IF EXISTS `Salao`;
DROP TABLE IF EXISTS `Acomoda`;
DROP TABLE IF EXISTS `Jogador`;
DROP TABLE IF EXISTS `CampPart`;
DROP TABLE IF EXISTS `MedioSal`;
DROP TABLE IF EXISTS `Jogo`;
DROP TABLE IF EXISTS `Movimento`;
DROP TABLE IF EXISTS `Joga`;
DROP TABLE IF EXISTS `Pais`;
SET foreign_key_checks = 1;


CREATE TABLE `Hotel` (
  `NomeHotel` varchar(200) NOT NULL,
  `EndHotel` varchar(200) NOT NULL,
  `Telefone` varchar(200) NOT NULL,
  PRIMARY KEY (`NomeHotel`)
) DEFAULT CHARSET=utf8;

CREATE TABLE `Participante` (
  `NumAssoc` integer NOT NULL,
  `NomeAssoc` varchar(200) NOT NULL,
  `Endereco` varchar(200) NOT NULL,
  `TelContato` varchar(200) NOT NULL,
  `CodPais` varchar(200) NOT NULL,
  `TipoPart` varchar(200) NOT NULL,
  PRIMARY KEY (`NumAssoc`)
) DEFAULT CHARSET=utf8;

CREATE TABLE `Salao` (
  `IdSal` integer NOT NULL,
  `NomeHotel` varchar(200) NOT NULL,
  `capacidade` integer NOT NULL DEFAULT 0,
  PRIMARY KEY (`IdSal`),
  FOREIGN KEY (`NomeHotel`) REFERENCES Hotel(`NomeHotel`)
) DEFAULT CHARSET=utf8;

CREATE TABLE `Acomoda` (
  `NomeHotel` varchar(200) NOT NULL,
  `NumAssoc` integer NOT NULL,
  `DataSaida` varchar(200) NOT NULL,
  `DataEntrada` varchar(200) NOT NULL,
  FOREIGN KEY (`NomeHotel`) REFERENCES Hotel(`NomeHotel`),
  FOREIGN KEY (`NumAssoc`) REFERENCES Participante(`NumAssoc`)
) DEFAULT CHARSET=utf8;

CREATE TABLE `Jogador` (
  `NumAssoc` integer NOT NULL,
  `Nivel` varchar(200) NOT NULL,
  FOREIGN KEY (`NumAssoc`) REFERENCES Participante(`NumAssoc`)
) DEFAULT CHARSET=utf8;

CREATE TABLE `CampPart` (
  `NumAssoc` integer NOT NULL,
  `NomeCamp` varchar(200) NOT NULL,
  `TipoParticip` varchar(200) NOT NULL,
  PRIMARY KEY (`NomeCamp`),
  FOREIGN KEY (`NumAssoc`) REFERENCES Participante(`NumAssoc`)
) DEFAULT CHARSET=utf8;

CREATE TABLE `MedioSal` (
  `IdSal` integer NOT NULL,
  `Medio` varchar(200) NOT NULL,
  PRIMARY KEY (`Medio`),
  FOREIGN KEY (`IdSal`) REFERENCES Salao(`IdSal`)
) DEFAULT CHARSET=utf8;

CREATE TABLE `Jogo` (
  `CodJogo` integer NOT NULL,
  `JogadorB` integer NOT NULL,
  `JogadorP` integer NOT NULL,
  `NumArb` integer NOT NULL,
  `IdSal` integer NOT NULL,
  `EntrVend` integer NOT NULL DEFAULT 0,
  `DiaJorn` integer NOT NULL,
  `MesJorn` integer NOT NULL,
  `AnoJorn` integer NOT NULL,
  PRIMARY KEY (`CodJogo`),
  FOREIGN KEY (`NumArb`) REFERENCES Participante(`NumAssoc`),
  FOREIGN KEY (`JogadorB`) REFERENCES Jogador(`NumAssoc`),
  FOREIGN KEY (`JogadorP`) REFERENCES Jogador(`NumAssoc`),
  FOREIGN KEY (`IdSal`) REFERENCES Salao(`IdSal`)
) DEFAULT CHARSET=utf8;

CREATE TABLE `Movimento` (
  `CodJogo` integer NOT NULL,
  `IdMov` integer NOT NULL,
  `Jogada` varchar(200) NOT NULL,
  `Comentario` varchar(200) NOT NULL DEFAULT '',
  PRIMARY KEY (`IdMov`),
  FOREIGN KEY (`CodJogo`) REFERENCES Jogo(`CodJogo`)
) DEFAULT CHARSET=utf8;

-- CREATE TABLE `Joga` (
--   `CodJogo` integer NOT NULL,
--   `NumJogador` integer NOT NULL,
--   `Cor` varchar(200) NOT NULL,
--   FOREIGN KEY (`CodJogo`) REFERENCES Jogo(`CodJogo`),
--   FOREIGN KEY (`NumJogador`) REFERENCES Jogador(`NumAssoc`)
-- ) DEFAULT CHARSET=utf8;

CREATE TABLE `Pais` (
  `NumPais` varchar(200) NOT NULL,
  `NomePais` varchar(200) NOT NULL,
  `NumClubes` integer NOT NULL,
  PRIMARY KEY (`NumPais`)
) DEFAULT CHARSET=utf8;

-- Inserindo dados nas tabelas Hotel, Participante, Salao, Acomoda, Jogador, CampPart, MedioSal, Jogo, Movimento, Joga e Pais
INSERT INTO Hotel (NomeHotel, EndHotel, Telefone)
VALUES 
    ('Hotel A', 'Endereço A', '1234567890'),
    ('Hotel B', 'Endereço B', '9876543210'),
    ('Hotel C', 'Endereço C', '5555555555'),
    ('Hotel D', 'Endereço D', '4444444444'),
    ('Hotel E', 'Endereço E', '5555555555');

INSERT INTO Participante (NumAssoc, NomeAssoc, Endereco, TelContato, CodPais, TipoPart)
VALUES 
    (1, 'João Silva', 'Endereço 1', '1111111111', 'BR', 'J'),
    (2, 'John Smith', 'Endereço 2', '2222222222', 'US', 'J'),
    (3, 'Pedro López', 'Endereço 3', '3333333333', 'ES', 'J'),
    (4, 'William Johnson', 'Endereço 4', '4444444444', 'UK', 'J'),
    (5, 'Jean Dupont', 'Endereço 5', '5555555555', 'FR', 'J'),
    (6, 'José da Silva', 'Endereço 6', '1111111111', 'BR', 'J'),
    (7, 'Michael Brown', 'Endereço 7', '2222222222', 'US', 'J'),
    (8, 'Carlos García', 'Endereço 8', '3333333333', 'ES', 'J'),
    (9, 'David Williams', 'Endereço 9', '4444444444', 'UK', 'A'),
    (10, 'Pierre Martin', 'Endereço 10', '5555555555', 'FR', 'A');

INSERT INTO Salao (IdSal, NomeHotel, capacidade)
VALUES 
    (1, 'Hotel A', 100),
    (2, 'Hotel B', 150),
    (3, 'Hotel C', 200),
    (4, 'Hotel D', 120),
    (5, 'Hotel E', 180);

INSERT INTO Acomoda (NomeHotel, NumAssoc, DataSaida, DataEntrada)
VALUES 
    ('Hotel A', 1, '2023-06-15', '2023-06-10'),
    ('Hotel B', 2, '2023-06-16', '2023-06-11'),
    ('Hotel C', 3, '2023-06-17', '2023-06-12'),
    ('Hotel D', 4, '2023-06-18', '2023-06-13'),
    ('Hotel D', 5, '2023-06-18', '2023-06-13'),
    ('Hotel D', 6, '2023-06-18', '2023-06-13'),
    ('Hotel D', 7, '2023-06-18', '2023-06-13'),
    ('Hotel D', 8, '2023-06-18', '2023-06-13'),
    ('Hotel D', 9, '2023-06-18', '2023-06-13'),
    ('Hotel E', 10, '2023-06-19', '2023-06-14');

INSERT INTO Jogador (NumAssoc, Nivel)
VALUES 
    (1, 'Nível 1'),
    (2, 'Nível 2'),
    (3, 'Nível 3'),
    (4, 'Nível 4'),
    (5, 'Nível 5'),
    (6, 'Nível 2'),
    (7, 'Nível 3'),
    (8, 'Nível 4');

INSERT INTO CampPart (NumAssoc, NomeCamp, TipoParticip)
VALUES 
    (1, 'Campeonato 1', 'T'),
    (2, 'Campeonato 2', 'T'),
    (3, 'Campeonato 3', 'T'),
    (4, 'Campeonato 4', 'T'),
    (5, 'Campeonato 5', 'T');

INSERT INTO MedioSal (IdSal, Medio)
VALUES 
    (1, 'Médio 1'),
    (2, 'Médio 2'),
    (3, 'Médio 3'),
    (4, 'Médio 4'),
    (5, 'Médio 5');

INSERT INTO Jogo (CodJogo, JogadorB, JogadorP, NumArb, IdSal, EntrVend, DiaJorn, MesJorn, AnoJorn)
VALUES 
    (1, 1, 8, 9, 1, 100, 1, 6, 2023),
    (2, 2, 7, 10, 2, 200, 2, 6, 2023),
    (3, 3, 6, 9, 3, 300, 3, 6, 2023),
    (4, 4, 5, 10, 4, 400, 4, 6, 2023),
    (5, 1, 5, 9, 5, 500, 5, 6, 2023),
    (6, 3, 7, 10, 4, 500, 4, 6, 2023),
    (7, 2, 6, 9, 5, 500, 5, 6, 2023),
    (8, 1, 6, 10, 3, 500, 3, 6, 2023),
    (9, 5, 7, 9, 3, 500, 3, 6, 2023),
    (10, 5, 6, 10, 5, 500, 5, 6, 2023);

INSERT INTO Movimento (CodJogo, IdMov, Jogada, Comentario)
VALUES 
    (1, 1, 'Jogada 0', 'C'),
    (1, 2, 'Jogada 1', 'C'),
    (1, 3, 'Jogada 2', 'C'),
    (1, 4, 'Jogada 3', 'C'),
    (1, 5, 'Jogada 4', 'C'),
    (1, 6, 'Jogada 5', 'C'),
    (1, 7, 'Jogada 6', 'C'),
    (1, 8, 'Jogada 7', 'C'),
    (1, 9, 'Jogada 8', 'C'),
    (1, 10, 'Jogada 9', 'C'),
    (1, 11, 'Jogada 10', 'C'),
    (1, 12, 'Jogada 11', 'C'),
    (1, 13, 'Jogada 12', 'C'),
    (1, 14, 'Jogada 13', 'C'),
    (1, 15, 'Jogada 14', 'C'),
    (1, 16, 'Jogada 15', 'C'),
    (1, 17, 'Jogada 16', 'C'),
    (1, 18, 'Jogada 17', 'C'),
    (1, 19, 'Jogada 18', 'C'),
    (1, 20, 'Jogada 19', 'C'),
    (1, 21, 'Jogada 20', 'C'),
    (1, 22, 'Jogada 21', 'C'),
    (1, 23, 'Jogada 22', 'C'),
    (1, 24, 'Jogada 23', 'C'),
    (1, 25, 'Jogada 24', 'C'),
    (1, 26, 'Jogada 25', 'C'),
    (1, 27, 'Jogada 26', 'C'),
    (1, 28, 'Jogada 27', 'C'),
    (1, 29, 'Jogada 28', 'C'),
    (1, 30, 'Jogada 29', 'C'),
    (1, 31, 'Jogada 30', 'C'),
    (1, 32, 'Jogada 31', 'C'),
    (1, 33, 'Jogada 32', 'C'),
    (1, 34, 'Jogada 33', 'C'),
    (1, 35, 'Jogada 34', 'C'),
    (1, 36, 'Jogada 35', 'C'),
    (1, 37, 'Jogada 36', 'C'),
    (1, 38, 'Jogada 37', 'C'),
    (1, 39, 'Jogada 38', 'C'),
    (1, 40, 'Jogada 39', 'C'),
    (2, 41, 'Jogada 0', 'C'),
    (2, 42, 'Jogada 1', 'C'),
    (2, 43, 'Jogada 2', 'C'),
    (2, 44, 'Jogada 3', 'C'),
    (2, 45, 'Jogada 4', 'C'),
    (2, 46, 'Jogada 5', 'C'),
    (2, 47, 'Jogada 6', 'C'),
    (2, 48, 'Jogada 7', 'C'),
    (2, 49, 'Jogada 8', 'C'),
    (2, 50, 'Jogada 9', 'C'),
    (2, 51, 'Jogada 10', 'C'),
    (2, 52, 'Jogada 11', 'C'),
    (2, 53, 'Jogada 12', 'C'),
    (2, 54, 'Jogada 13', 'C'),
    (2, 55, 'Jogada 14', 'C'),
    (2, 56, 'Jogada 15', 'C'),
    (3, 57, 'Jogada 0', 'C'),
    (3, 58, 'Jogada 1', 'C'),
    (3, 59, 'Jogada 2', 'C'),
    (3, 60, 'Jogada 3', 'C'),
    (3, 61, 'Jogada 4', 'C'),
    (3, 62, 'Jogada 5', 'C'),
    (3, 63, 'Jogada 6', 'C'),
    (3, 64, 'Jogada 7', 'C'),
    (3, 65, 'Jogada 8', 'C'),
    (3, 66, 'Jogada 9', 'C'),
    (3, 67, 'Jogada 10', 'C'),
    (3, 68, 'Jogada 11', 'C'),
    (3, 69, 'Jogada 12', 'C'),
    (3, 70, 'Jogada 13', 'C'),
    (3, 71, 'Jogada 14', 'C'),
    (3, 72, 'Jogada 15', 'C'),
    (3, 73, 'Jogada 16', 'C'),
    (3, 74, 'Jogada 17', 'C'),
    (3, 75, 'Jogada 18', 'C'),
    (3, 76, 'Jogada 19', 'C'),
    (3, 77, 'Jogada 20', 'C'),
    (3, 78, 'Jogada 21', 'C'),
    (3, 79, 'Jogada 22', 'C'),
    (3, 80, 'Jogada 23', 'C'),
    (3, 81, 'Jogada 24', 'C'),
    (3, 82, 'Jogada 25', 'C'),
    (3, 83, 'Jogada 26', 'C'),
    (3, 84, 'Jogada 27', 'C'),
    (3, 85, 'Jogada 28', 'C'),
    (3, 86, 'Jogada 29', 'C'),
    (3, 87, 'Jogada 30', 'C'),
    (3, 88, 'Jogada 31', 'C'),
    (3, 89, 'Jogada 32', 'C'),
    (3, 90, 'Jogada 33', 'C'),
    (3, 91, 'Jogada 34', 'C'),
    (3, 92, 'Jogada 35', 'C'),
    (3, 93, 'Jogada 36', 'C'),
    (3, 94, 'Jogada 37', 'C'),
    (3, 95, 'Jogada 38', 'C'),
    (3, 96, 'Jogada 39', 'C'),
    (3, 97, 'Jogada 40', 'C'),
    (3, 98, 'Jogada 41', 'C'),
    (4, 99, 'Jogada 0', 'C'),
    (4, 100, 'Jogada 1', 'C'),
    (4, 101, 'Jogada 2', 'C'),
    (4, 102, 'Jogada 3', 'C'),
    (4, 103, 'Jogada 4', 'C'),
    (4, 104, 'Jogada 5', 'C'),
    (4, 105, 'Jogada 6', 'C'),
    (4, 106, 'Jogada 7', 'C'),
    (4, 107, 'Jogada 8', 'C'),
    (4, 108, 'Jogada 9', 'C'),
    (4, 109, 'Jogada 10', 'C'),
    (4, 110, 'Jogada 11', 'C'),
    (4, 111, 'Jogada 12', 'C'),
    (4, 112, 'Jogada 13', 'C'),
    (4, 113, 'Jogada 14', 'C'),
    (4, 114, 'Jogada 15', 'C'),
    (4, 115, 'Jogada 16', 'C'),
    (4, 116, 'Jogada 17', 'C'),
    (4, 117, 'Jogada 18', 'C'),
    (4, 118, 'Jogada 19', 'C'),
    (4, 119, 'Jogada 20', 'C'),
    (4, 120, 'Jogada 21', 'C'),
    (4, 121, 'Jogada 22', 'C'),
    (4, 122, 'Jogada 23', 'C'),
    (4, 123, 'Jogada 24', 'C'),
    (4, 124, 'Jogada 25', 'C'),
    (4, 125, 'Jogada 26', 'C'),
    (4, 126, 'Jogada 27', 'C'),
    (4, 127, 'Jogada 28', 'C'),
    (4, 128, 'Jogada 29', 'C'),
    (4, 129, 'Jogada 30', 'C'),
    (4, 130, 'Jogada 31', 'C'),
    (4, 131, 'Jogada 32', 'C'),
    (4, 132, 'Jogada 33', 'C'),
    (4, 133, 'Jogada 34', 'C'),
    (4, 134, 'Jogada 35', 'C'),
    (4, 135, 'Jogada 36', 'C'),
    (4, 136, 'Jogada 37', 'C'),
    (4, 137, 'Jogada 38', 'C'),
    (4, 138, 'Jogada 39', 'C'),
    (4, 139, 'Jogada 40', 'C'),
    (4, 140, 'Jogada 41', 'C'),
    (4, 141, 'Jogada 42', 'C'),
    (4, 142, 'Jogada 43', 'C'),
    (4, 143, 'Jogada 44', 'C'),
    (4, 144, 'Jogada 45', 'C'),
    (4, 145, 'Jogada 46', 'C'),
    (4, 146, 'Jogada 47', 'C'),
    (4, 147, 'Jogada 48', 'C'),
    (4, 148, 'Jogada 49', 'C'),
    (4, 149, 'Jogada 50', 'C'),
    (4, 150, 'Jogada 51', 'C'),
    (4, 151, 'Jogada 52', 'C'),
    (4, 152, 'Jogada 53', 'C'),
    (4, 153, 'Jogada 54', 'C'),
    (4, 154, 'Jogada 55', 'C'),
    (4, 155, 'Jogada 56', 'C'),
    (4, 156, 'Jogada 57', 'C'),
    (5, 157, 'Jogada 0', 'C'),
    (5, 158, 'Jogada 1', 'C'),
    (5, 159, 'Jogada 2', 'C'),
    (5, 160, 'Jogada 3', 'C'),
    (5, 161, 'Jogada 4', 'C'),
    (5, 162, 'Jogada 5', 'C'),
    (5, 163, 'Jogada 6', 'C'),
    (5, 164, 'Jogada 7', 'C'),
    (5, 165, 'Jogada 8', 'C'),
    (5, 166, 'Jogada 9', 'C'),
    (5, 167, 'Jogada 10', 'C'),
    (5, 168, 'Jogada 11', 'C'),
    (5, 169, 'Jogada 12', 'C'),
    (5, 170, 'Jogada 13', 'C'),
    (5, 171, 'Jogada 14', 'C'),
    (5, 172, 'Jogada 15', 'C'),
    (5, 173, 'Jogada 16', 'C'),
    (5, 174, 'Jogada 17', 'C'),
    (5, 175, 'Jogada 18', 'C'),
    (5, 176, 'Jogada 19', 'C'),
    (5, 177, 'Jogada 20', 'C'),
    (5, 178, 'Jogada 21', 'C'),
    (5, 179, 'Jogada 22', 'C'),
    (5, 180, 'Jogada 23', 'C'),
    (5, 181, 'Jogada 24', 'C'),
    (5, 182, 'Jogada 25', 'C'),
    (5, 183, 'Jogada 26', 'C'),
    (5, 184, 'Jogada 27', 'C'),
    (5, 185, 'Jogada 28', 'C'),
    (5, 186, 'Jogada 29', 'C'),
    (5, 187, 'Jogada 30', 'C'),
    (5, 188, 'Jogada 31', 'C'),
    (5, 189, 'Jogada 32', 'C'),
    (5, 190, 'Jogada 33', 'C'),
    (5, 191, 'Jogada 34', 'C'),
    (5, 192, 'Jogada 35', 'C'),
    (5, 193, 'Jogada 36', 'C'),
    (5, 194, 'Jogada 37', 'C'),
    (5, 195, 'Jogada 38', 'C'),
    (5, 196, 'Jogada 39', 'C'),
    (5, 197, 'Jogada 40', 'C'),
    (5, 198, 'Jogada 41', 'C'),
    (5, 199, 'Jogada 42', 'C'),
    (5, 200, 'Jogada 43', 'C'),
    (5, 201, 'Jogada 44', 'C'),
    (5, 202, 'Jogada 45', 'C'),
    (5, 203, 'Jogada 46', 'C'),
    (5, 204, 'Jogada 47', 'C'),
    (5, 205, 'Jogada 48', 'C'),
    (5, 206, 'Jogada 49', 'C'),
    (5, 207, 'Jogada 50', 'C'),
    (5, 208, 'Jogada 51', 'C'),
    (5, 209, 'Jogada 52', 'C'),
    (5, 210, 'Jogada 53', 'C'),
    (5, 211, 'Jogada 54', 'C'),
    (5, 212, 'Jogada 55', 'C'),
    (5, 213, 'Jogada 56', 'C'),
    (5, 214, 'Jogada 57', 'C'),
    (5, 215, 'Jogada 58', 'C'),
    (6, 216, 'Jogada 0', 'C'),
    (6, 217, 'Jogada 1', 'C'),
    (6, 218, 'Jogada 2', 'C'),
    (6, 219, 'Jogada 3', 'C'),
    (6, 220, 'Jogada 4', 'C'),
    (6, 221, 'Jogada 5', 'C'),
    (6, 222, 'Jogada 6', 'C'),
    (6, 223, 'Jogada 7', 'C'),
    (6, 224, 'Jogada 8', 'C'),
    (6, 225, 'Jogada 9', 'C'),
    (6, 226, 'Jogada 10', 'C'),
    (6, 227, 'Jogada 11', 'C'),
    (6, 228, 'Jogada 12', 'C'),
    (6, 229, 'Jogada 13', 'C'),
    (6, 230, 'Jogada 14', 'C'),
    (6, 231, 'Jogada 15', 'C'),
    (6, 232, 'Jogada 16', 'C'),
    (6, 233, 'Jogada 17', 'C'),
    (6, 234, 'Jogada 18', 'C'),
    (6, 235, 'Jogada 19', 'C'),
    (6, 236, 'Jogada 20', 'C'),
    (6, 237, 'Jogada 21', 'C'),
    (6, 238, 'Jogada 22', 'C'),
    (6, 239, 'Jogada 23', 'C'),
    (6, 240, 'Jogada 24', 'C'),
    (6, 241, 'Jogada 25', 'C'),
    (6, 242, 'Jogada 26', 'C'),
    (6, 243, 'Jogada 27', 'C'),
    (6, 244, 'Jogada 28', 'C'),
    (6, 245, 'Jogada 29', 'C'),
    (6, 246, 'Jogada 30', 'C'),
    (6, 247, 'Jogada 31', 'C'),
    (6, 248, 'Jogada 32', 'C'),
    (6, 249, 'Jogada 33', 'C'),
    (6, 250, 'Jogada 34', 'C'),
    (6, 251, 'Jogada 35', 'C'),
    (6, 252, 'Jogada 36', 'C'),
    (6, 253, 'Jogada 37', 'C'),
    (6, 254, 'Jogada 38', 'C'),
    (6, 255, 'Jogada 39', 'C'),
    (6, 256, 'Jogada 40', 'C'),
    (6, 257, 'Jogada 41', 'C'),
    (6, 258, 'Jogada 42', 'C'),
    (6, 259, 'Jogada 43', 'C'),
    (6, 260, 'Jogada 44', 'C'),
    (6, 261, 'Jogada 45', 'C'),
    (6, 262, 'Jogada 46', 'C'),
    (6, 263, 'Jogada 47', 'C'),
    (6, 264, 'Jogada 48', 'C'),
    (6, 265, 'Jogada 49', 'C'),
    (6, 266, 'Jogada 50', 'C'),
    (6, 267, 'Jogada 51', 'C'),
    (6, 268, 'Jogada 52', 'C'),
    (6, 269, 'Jogada 53', 'C'),
    (6, 270, 'Jogada 54', 'C'),
    (6, 271, 'Jogada 55', 'C'),
    (6, 272, 'Jogada 56', 'C'),
    (7, 273, 'Jogada 0', 'C'),
    (7, 274, 'Jogada 1', 'C'),
    (7, 275, 'Jogada 2', 'C'),
    (7, 276, 'Jogada 3', 'C'),
    (7, 277, 'Jogada 4', 'C'),
    (7, 278, 'Jogada 5', 'C'),
    (7, 279, 'Jogada 6', 'C'),
    (7, 280, 'Jogada 7', 'C'),
    (7, 281, 'Jogada 8', 'C'),
    (7, 282, 'Jogada 9', 'C'),
    (7, 283, 'Jogada 10', 'C'),
    (7, 284, 'Jogada 11', 'C'),
    (7, 285, 'Jogada 12', 'C'),
    (7, 286, 'Jogada 13', 'C'),
    (7, 287, 'Jogada 14', 'C'),
    (7, 288, 'Jogada 15', 'C'),
    (7, 289, 'Jogada 16', 'C'),
    (7, 290, 'Jogada 17', 'C'),
    (7, 291, 'Jogada 18', 'C'),
    (7, 292, 'Jogada 19', 'C'),
    (7, 293, 'Jogada 20', 'C'),
    (7, 294, 'Jogada 21', 'C'),
    (7, 295, 'Jogada 22', 'C'),
    (7, 296, 'Jogada 23', 'C'),
    (7, 297, 'Jogada 24', 'C'),
    (7, 298, 'Jogada 25', 'C'),
    (7, 299, 'Jogada 26', 'C'),
    (7, 300, 'Jogada 27', 'C'),
    (7, 301, 'Jogada 28', 'C'),
    (7, 302, 'Jogada 29', 'C'),
    (7, 303, 'Jogada 30', 'C'),
    (8, 304, 'Jogada 0', 'C'),
    (8, 305, 'Jogada 1', 'C'),
    (8, 306, 'Jogada 2', 'C'),
    (8, 307, 'Jogada 3', 'C'),
    (8, 308, 'Jogada 4', 'C'),
    (8, 309, 'Jogada 5', 'C'),
    (8, 310, 'Jogada 6', 'C'),
    (8, 311, 'Jogada 7', 'C'),
    (8, 312, 'Jogada 8', 'C'),
    (8, 313, 'Jogada 9', 'C'),
    (8, 314, 'Jogada 10', 'C'),
    (8, 315, 'Jogada 11', 'C'),
    (8, 316, 'Jogada 12', 'C'),
    (8, 317, 'Jogada 13', 'C'),
    (8, 318, 'Jogada 14', 'C'),
    (8, 319, 'Jogada 15', 'C'),
    (8, 320, 'Jogada 16', 'C'),
    (8, 321, 'Jogada 17', 'C'),
    (8, 322, 'Jogada 18', 'C'),
    (8, 323, 'Jogada 19', 'C'),
    (8, 324, 'Jogada 20', 'C'),
    (8, 325, 'Jogada 21', 'C'),
    (8, 326, 'Jogada 22', 'C'),
    (8, 327, 'Jogada 23', 'C'),
    (8, 328, 'Jogada 24', 'C'),
    (8, 329, 'Jogada 25', 'C'),
    (8, 330, 'Jogada 26', 'C'),
    (8, 331, 'Jogada 27', 'C'),
    (8, 332, 'Jogada 28', 'C'),
    (8, 333, 'Jogada 29', 'C'),
    (8, 334, 'Jogada 30', 'C'),
    (8, 335, 'Jogada 31', 'C'),
    (8, 336, 'Jogada 32', 'C'),
    (8, 337, 'Jogada 33', 'C'),
    (8, 338, 'Jogada 34', 'C'),
    (8, 339, 'Jogada 35', 'C'),
    (8, 340, 'Jogada 36', 'C'),
    (8, 341, 'Jogada 37', 'C'),
    (8, 342, 'Jogada 38', 'C'),
    (8, 343, 'Jogada 39', 'C'),
    (8, 344, 'Jogada 40', 'C'),
    (8, 345, 'Jogada 41', 'C'),
    (9, 346, 'Jogada 0', 'C'),
    (9, 347, 'Jogada 1', 'C'),
    (9, 348, 'Jogada 2', 'C'),
    (9, 349, 'Jogada 3', 'C'),
    (9, 350, 'Jogada 4', 'C'),
    (9, 351, 'Jogada 5', 'C'),
    (9, 352, 'Jogada 6', 'C'),
    (9, 353, 'Jogada 7', 'C'),
    (9, 354, 'Jogada 8', 'C'),
    (9, 355, 'Jogada 9', 'C'),
    (9, 356, 'Jogada 10', 'C'),
    (9, 357, 'Jogada 11', 'C'),
    (9, 358, 'Jogada 12', 'C'),
    (9, 359, 'Jogada 13', 'C'),
    (9, 360, 'Jogada 14', 'C'),
    (9, 361, 'Jogada 15', 'C'),
    (9, 362, 'Jogada 16', 'C'),
    (9, 363, 'Jogada 17', 'C'),
    (9, 364, 'Jogada 18', 'C'),
    (9, 365, 'Jogada 19', 'C'),
    (9, 366, 'Jogada 20', 'C'),
    (9, 367, 'Jogada 21', 'C'),
    (9, 368, 'Jogada 22', 'C'),
    (9, 369, 'Jogada 23', 'C'),
    (9, 370, 'Jogada 24', 'C'),
    (9, 371, 'Jogada 25', 'C'),
    (9, 372, 'Jogada 26', 'C'),
    (9, 373, 'Jogada 27', 'C'),
    (9, 374, 'Jogada 28', 'C'),
    (9, 375, 'Jogada 29', 'C'),
    (9, 376, 'Jogada 30', 'C'),
    (9, 377, 'Jogada 31', 'C'),
    (9, 378, 'Jogada 32', 'C'),
    (9, 379, 'Jogada 33', 'C'),
    (9, 380, 'Jogada 34', 'C'),
    (9, 381, 'Jogada 35', 'C'),
    (9, 382, 'Jogada 36', 'C'),
    (10, 383, 'Jogada 0', 'C'),
    (10, 384, 'Jogada 1', 'C'),
    (10, 385, 'Jogada 2', 'C'),
    (10, 386, 'Jogada 3', 'C'),
    (10, 387, 'Jogada 4', 'C'),
    (10, 388, 'Jogada 5', 'C'),
    (10, 389, 'Jogada 6', 'C'),
    (10, 390, 'Jogada 7', 'C'),
    (10, 391, 'Jogada 8', 'C'),
    (10, 392, 'Jogada 9', 'C'),
    (10, 393, 'Jogada 10', 'C'),
    (10, 394, 'Jogada 11', 'C'),
    (10, 395, 'Jogada 12', 'C'),
    (10, 396, 'Jogada 13', 'C'),
    (10, 397, 'Jogada 14', 'C'),
    (10, 398, 'Jogada 15', 'C'),
    (10, 399, 'Jogada 16', 'C'),
    (10, 400, 'Jogada 17', 'C'),
    (10, 401, 'Jogada 18', 'C'),
    (10, 402, 'Jogada 19', 'C'),
    (10, 403, 'Jogada 20', 'C'),
    (10, 404, 'Jogada 21', 'C'),
    (10, 405, 'Jogada 22', 'C'),
    (10, 406, 'Jogada 23', 'C'),
    (10, 407, 'Jogada 24', 'C'),
    (10, 408, 'Jogada 25', 'C'),
    (10, 409, 'Jogada 26', 'C'),
    (10, 410, 'Jogada 27', 'C');

INSERT INTO Pais (NumPais, NomePais, NumClubes)
VALUES 
    ('BR', 'Brasil', 10),
    ('US', 'Estados Unidos', 15),
    ('ES', 'Espanha', 8),
    ('UK', 'Reino Unido', 12),
    ('FR', 'França', 6);
