CREATE DATABASE xadrez;
USE xadrez;

SET foreign_key_checks = 0;
DROP TABLE IF EXISTS `Hotel`;
DROP TABLE IF EXISTS `Participante`;
DROP TABLE IF EXISTS `Salao`;
DROP TABLE IF EXISTS `Acomoda`;
DROP TABLE IF EXISTS `Jogador`;
DROP TABLE IF EXISTS `CampPart`;
DROP TABLE IF EXISTS `MedioSal`;
DROP TABLE IF EXISTS `Jogo`;
DROP TABLE IF EXISTS `Movimento`;
DROP TABLE IF EXISTS `Joga`;
DROP TABLE IF EXISTS `Pais`;
SET foreign_key_checks = 1;


CREATE TABLE `Hotel` (
  `NomeHotel` varchar(200) NOT NULL,
  `EndHotel` varchar(200) NOT NULL,
  `Telefone` varchar(200) NOT NULL,
  PRIMARY KEY (`NomeHotel`)
) DEFAULT CHARSET=utf8;

CREATE TABLE `Participante` (
  `NumAssoc` integer NOT NULL,
  `NomeAssoc` varchar(200) NOT NULL,
  `Endereco` varchar(200) NOT NULL,
  `TelContato` varchar(200) NOT NULL,
  `CodPais` varchar(200) NOT NULL,
  `TipoPart` varchar(200) NOT NULL,
  PRIMARY KEY (`NumAssoc`)
) DEFAULT CHARSET=utf8;

CREATE TABLE `Salao` (
  `IdSal` integer NOT NULL,
  `NomeHotel` varchar(200) NOT NULL,
  `capacidade` integer NOT NULL DEFAULT 0,
  PRIMARY KEY (`IdSal`),
  FOREIGN KEY (`NomeHotel`) REFERENCES Hotel(`NomeHotel`)
) DEFAULT CHARSET=utf8;

CREATE TABLE `Acomoda` (
  `NomeHotel` varchar(200) NOT NULL,
  `NumAssoc` integer NOT NULL,
  `DataSaida` varchar(200) NOT NULL,
  `DataEntrada` varchar(200) NOT NULL,
  FOREIGN KEY (`NomeHotel`) REFERENCES Hotel(`NomeHotel`),
  FOREIGN KEY (`NumAssoc`) REFERENCES Participante(`NumAssoc`)
) DEFAULT CHARSET=utf8;

CREATE TABLE `Jogador` (
  `NumAssoc` integer NOT NULL,
  `Nivel` varchar(200) NOT NULL,
  FOREIGN KEY (`NumAssoc`) REFERENCES Participante(`NumAssoc`)
) DEFAULT CHARSET=utf8;

CREATE TABLE `CampPart` (
  `NumAssoc` integer NOT NULL,
  `NomeCamp` varchar(200) NOT NULL,
  `TipoParticip` varchar(200) NOT NULL,
  PRIMARY KEY (`NomeCamp`),
  FOREIGN KEY (`NumAssoc`) REFERENCES Participante(`NumAssoc`)
) DEFAULT CHARSET=utf8;

CREATE TABLE `MedioSal` (
  `IdSal` integer NOT NULL,
  `Medio` varchar(200) NOT NULL,
  PRIMARY KEY (`Medio`),
  FOREIGN KEY (`IdSal`) REFERENCES Salao(`IdSal`)
) DEFAULT CHARSET=utf8;

CREATE TABLE `Jogo` (
  `CodJogo` integer NOT NULL,
  `JogadorB` integer NOT NULL,
  `JogadorP` integer NOT NULL,
  `NumArb` integer NOT NULL,
  `IdSal` integer NOT NULL,
  `EntrVend` integer NOT NULL DEFAULT 0,
  `DiaJorn` integer NOT NULL,
  `MesJorn` integer NOT NULL,
  `AnoJorn` integer NOT NULL,
  PRIMARY KEY (`CodJogo`),
  FOREIGN KEY (`NumArb`) REFERENCES Participante(`NumAssoc`),
  FOREIGN KEY (`JogadorB`) REFERENCES Jogador(`NumAssoc`),
  FOREIGN KEY (`JogadorP`) REFERENCES Jogador(`NumAssoc`),
  FOREIGN KEY (`IdSal`) REFERENCES Salao(`IdSal`)
) DEFAULT CHARSET=utf8;

CREATE TABLE `Movimento` (
  `CodJogo` integer NOT NULL,
  `IdMov` integer NOT NULL,
  `Jogada` varchar(200) NOT NULL,
  `Comentario` varchar(200) NOT NULL DEFAULT '',
  PRIMARY KEY (`IdMov`),
  FOREIGN KEY (`CodJogo`) REFERENCES Jogo(`CodJogo`)
) DEFAULT CHARSET=utf8;

-- CREATE TABLE `Joga` (
--   `CodJogo` integer NOT NULL,
--   `NumJogador` integer NOT NULL,
--   `Cor` varchar(200) NOT NULL,
--   FOREIGN KEY (`CodJogo`) REFERENCES Jogo(`CodJogo`),
--   FOREIGN KEY (`NumJogador`) REFERENCES Jogador(`NumAssoc`)
-- ) DEFAULT CHARSET=utf8;

CREATE TABLE `Pais` (
  `NumPais` varchar(200) NOT NULL,
  `NomePais` varchar(200) NOT NULL,
  `NumClubes` integer NOT NULL,
  PRIMARY KEY (`NumPais`)
) DEFAULT CHARSET=utf8;

-- Inserindo dados nas tabelas Hotel, Participante, Salao, Acomoda, Jogador, CampPart, MedioSal, Jogo, Movimento, Joga e Pais
INSERT INTO Hotel (NomeHotel, EndHotel, Telefone)
VALUES 
    ('Hotel A', 'Endereço A', '1234567890'),
    ('Hotel B', 'Endereço B', '9876543210'),
    ('Hotel C', 'Endereço C', '5555555555'),
    ('Hotel D', 'Endereço D', '4444444444'),
    ('Hotel E', 'Endereço E', '5555555555');

-- Inserção de dados para a tabela Pais
INSERT INTO Pais (NumPais, NomePais, NumClubes) VALUES
  ('BR', 'Brasil', 2),
  ('US', 'Estados Unidos', 2),
  ('ES', 'Espanha', 3),
  ('DE', 'Alemanha', 2),
  ('IT', 'Itália', 2);
  
-- Inserção de dados para a tabela Participante
INSERT INTO Participante (NumAssoc, NomeAssoc, Endereco, TelContato, CodPais, TipoPart) VALUES
  (1, 'João Silva', 'Rua A, 123', '11111111', 'BR', 'J'),
  (2, 'Maria Santos', 'Rua B, 456', '22222222', 'BR', 'J'),
  (3, 'John Doe', 'Street C, 789', '33333333', 'US', 'J'),
  (4, 'Emily Johnson', 'Street D, 1011', '44444444', 'US', 'J'),
  (5, 'Pedro Gonzalez', 'Calle E, 1213', '55555555', 'ES', 'J'),
  (6, 'Isabella Lopez', 'Calle F, 1415', '66666666', 'ES', 'J'),
  (7, 'Hans Schmidt', 'Strasse G, 1617', '77777777', 'DE', 'J'),
  (8, 'Greta Müller', 'Strasse H, 1819', '88888888', 'DE', 'J'),
  (9, 'Luca Rossi', 'Via I, 2021', '99999999', 'IT', 'J'),
  (10, 'Giulia Bianchi', 'Via J, 2223', '10101010', 'IT', 'J'),
  (11, 'Miguel Fernandez', 'Calle K, 2425', '11111111', 'ES', 'A'),
  (12, 'Sophia Hernandez', 'Calle L, 2627', '12121212', 'ES', 'A'),
  (13, 'Hugo Müller', 'Strasse M, 2829', '13131313', 'DE', 'A'),
  (14, 'Emilia Schmidt', 'Strasse N, 3031', '14141414', 'DE', 'A'),
  (15, 'Francesco Ricci', 'Via O, 3233', '15151515', 'IT', 'A');


INSERT INTO Salao (IdSal, NomeHotel, capacidade)
VALUES 
    (1, 'Hotel A', 100),
    (2, 'Hotel B', 150),
    (3, 'Hotel C', 200),
    (4, 'Hotel D', 120),
    (5, 'Hotel E', 180);

INSERT INTO Acomoda (NomeHotel, NumAssoc, DataSaida, DataEntrada)
VALUES 
    ('Hotel A', 1, '2023-06-15', '2023-06-10'),
    ('Hotel B', 2, '2023-06-16', '2023-06-11'),
    ('Hotel C', 3, '2023-06-17', '2023-06-12'),
    ('Hotel D', 4, '2023-06-18', '2023-06-13'),
    ('Hotel D', 5, '2023-06-18', '2023-06-13'),
    ('Hotel D', 6, '2023-06-18', '2023-06-13'),
    ('Hotel D', 7, '2023-06-18', '2023-06-13'),
    ('Hotel D', 8, '2023-06-18', '2023-06-13'),
    ('Hotel D', 9, '2023-06-18', '2023-06-13'),
    ('Hotel E', 10, '2023-06-19', '2023-06-14');

INSERT INTO Jogador (NumAssoc, Nivel)
VALUES 
    (1, 'Nível 1'),
    (2, 'Nível 2'),
    (3, 'Nível 3'),
    (4, 'Nível 4'),
    (5, 'Nível 5'),
    (6, 'Nível 2'),
    (7, 'Nível 3'),
    (8, 'Nível 2'),
    (9, 'Nível 1'),
    (10, 'Nível 4');

INSERT INTO CampPart (NumAssoc, NomeCamp, TipoParticip)
VALUES 
    (1, 'Campeonato 1', 'T'),
    (2, 'Campeonato 2', 'T'),
    (3, 'Campeonato 3', 'T'),
    (4, 'Campeonato 4', 'T'),
    (5, 'Campeonato 5', 'T');

INSERT INTO MedioSal (IdSal, Medio)
VALUES 
    (1, 'Médio 1'),
    (2, 'Médio 2'),
    (3, 'Médio 3'),
    (4, 'Médio 4'),
    (5, 'Médio 5');

INSERT INTO Jogo (CodJogo, JogadorB, JogadorP, NumArb, IdSal, EntrVend, DiaJorn, MesJorn, AnoJorn)
VALUES 
    (1, 1, 9, 8, 1, 100, 1, 6, 2023),
    (2, 2, 6, 15, 2, 200, 2, 6, 2023),
    (3, 3, 5, 9, 3, 300, 3, 6, 2023),
    (4, 4, 6, 10, 4, 400, 4, 6, 2023),
    (5, 5, 7, 9, 5, 500, 5, 6, 2023),
    (6, 3, 7, 10, 4, 500, 4, 6, 2023),
    (7, 5, 6, 9, 5, 500, 5, 6, 2023),
    (8, 10, 5, 8, 3, 500, 3, 6, 2023),
    (9, 2, 6, 9, 3, 500, 3, 6, 2023),
    (10, 5, 7, 10, 3, 500, 30, 6, 2023),
    (11, 6, 3, 15, 3, 500, 25, 6, 2023),
    (12, 1, 7, 8, 3, 500, 27, 6, 2023),
    (13, 6, 4, 9, 5, 500, 28, 6, 2023),
    (14, 2, 3, 15, 5, 500, 30, 6, 2023);

INSERT INTO Movimento (CodJogo, IdMov, Jogada, Comentario)
VALUES 
    (1, 1, 'Jogada 0', 'C'),
    (1, 2, 'Jogada 1', 'C'),
    (1, 3, 'Jogada 2', 'C'),
    (1, 4, 'Jogada 3', 'C'),
    (1, 5, 'Jogada 4', 'C'),
    (1, 6, 'Jogada 5', 'C'),
    (1, 7, 'Jogada 6', 'C'),
    (1, 8, 'Jogada 7', 'C'),
    (1, 9, 'Jogada 8', 'C'),
    (1, 10, 'Jogada 9', 'C'),
    (1, 11, 'Jogada 10', 'C'),
    (1, 12, 'Jogada 11', 'C'),
    (1, 13, 'Jogada 12', 'C'),
    (1, 14, 'Jogada 13', 'C'),
    (1, 15, 'Jogada 14', 'C'),
    (1, 16, 'Jogada 15', 'C'),
    (1, 17, 'Jogada 16', 'C'),
    (1, 18, 'Jogada 17', 'C'),
    (1, 19, 'Jogada 18', 'C'),
    (1, 20, 'Jogada 19', 'C'),
    (1, 21, 'Jogada 20', 'C'),
    (1, 22, 'Jogada 21', 'C'),
    (1, 23, 'Jogada 22', 'C'),
    (1, 24, 'Jogada 23', 'C'),
    (1, 25, 'Jogada 24', 'C'),
    (1, 26, 'Jogada 25', 'C'),
    (1, 27, 'Jogada 26', 'C'),
    (1, 28, 'Jogada 27', 'C'),
    (1, 29, 'Jogada 28', 'C'),
    (1, 30, 'Jogada 29', 'C'),
    (1, 31, 'Jogada 30', 'C'),
    (1, 32, 'Jogada 31', 'C'),
    (1, 33, 'Jogada 32', 'C'),
    (1, 34, 'Jogada 33', 'C'),
    (2, 35, 'Jogada 0', 'C'),
    (2, 36, 'Jogada 1', 'C'),
    (2, 37, 'Jogada 2', 'C'),
    (2, 38, 'Jogada 3', 'C'),
    (2, 39, 'Jogada 4', 'C'),
    (2, 40, 'Jogada 5', 'C'),
    (2, 41, 'Jogada 6', 'C'),
    (2, 42, 'Jogada 7', 'C'),
    (2, 43, 'Jogada 8', 'C'),
    (2, 44, 'Jogada 9', 'C'),
    (2, 45, 'Jogada 10', 'C'),
    (2, 46, 'Jogada 11', 'C'),
    (2, 47, 'Jogada 12', 'C'),
    (2, 48, 'Jogada 13', 'C'),
    (2, 49, 'Jogada 14', 'C'),
    (2, 50, 'Jogada 15', 'C'),
    (2, 51, 'Jogada 16', 'C'),
    (2, 52, 'Jogada 17', 'C'),
    (2, 53, 'Jogada 18', 'C'),
    (2, 54, 'Jogada 19', 'C'),
    (2, 55, 'Jogada 20', 'C'),
    (2, 56, 'Jogada 21', 'C'),
    (2, 57, 'Jogada 22', 'C'),
    (2, 58, 'Jogada 23', 'C'),
    (2, 59, 'Jogada 24', 'C'),
    (2, 60, 'Jogada 25', 'C'),
    (2, 61, 'Jogada 26', 'C'),
    (2, 62, 'Jogada 27', 'C'),
    (2, 63, 'Jogada 28', 'C'),
    (2, 64, 'Jogada 29', 'C'),
    (2, 65, 'Jogada 30', 'C'),
    (2, 66, 'Jogada 31', 'C'),
    (2, 67, 'Jogada 32', 'C'),
    (2, 68, 'Jogada 33', 'C'),
    (2, 69, 'Jogada 34', 'C'),
    (2, 70, 'Jogada 35', 'C'),
    (2, 71, 'Jogada 36', 'C'),
    (2, 72, 'Jogada 37', 'C'),
    (2, 73, 'Jogada 38', 'C'),
    (2, 74, 'Jogada 39', 'C'),
    (2, 75, 'Jogada 40', 'C'),
    (2, 76, 'Jogada 41', 'C'),
    (2, 77, 'Jogada 42', 'C'),
    (2, 78, 'Jogada 43', 'C'),
    (2, 79, 'Jogada 44', 'C'),
    (2, 80, 'Jogada 45', 'C'),
    (2, 81, 'Jogada 46', 'C'),
    (2, 82, 'Jogada 47', 'C'),
    (2, 83, 'Jogada 48', 'C'),
    (2, 84, 'Jogada 49', 'C'),
    (2, 85, 'Jogada 50', 'C'),
    (2, 86, 'Jogada 51', 'C'),
    (2, 87, 'Jogada 52', 'C'),
    (2, 88, 'Jogada 53', 'C'),
    (2, 89, 'Jogada 54', 'C'),
    (2, 90, 'Jogada 55', 'C'),
    (2, 91, 'Jogada 56', 'C'),
    (2, 92, 'Jogada 57', 'C'),
    (2, 93, 'Jogada 58', 'C'),
    (2, 94, 'Jogada 59', 'C'),
    (2, 95, 'Jogada 60', 'C'),
    (3, 96, 'Jogada 0', 'C'),
    (3, 97, 'Jogada 1', 'C'),
    (3, 98, 'Jogada 2', 'C'),
    (3, 99, 'Jogada 3', 'C'),
    (3, 100, 'Jogada 4', 'C'),
    (3, 101, 'Jogada 5', 'C'),
    (3, 102, 'Jogada 6', 'C'),
    (3, 103, 'Jogada 7', 'C'),
    (3, 104, 'Jogada 8', 'C'),
    (3, 105, 'Jogada 9', 'C'),
    (3, 106, 'Jogada 10', 'C'),
    (3, 107, 'Jogada 11', 'C'),
    (3, 108, 'Jogada 12', 'C'),
    (3, 109, 'Jogada 13', 'C'),
    (3, 110, 'Jogada 14', 'C'),
    (3, 111, 'Jogada 15', 'C'),
    (3, 112, 'Jogada 16', 'C'),
    (3, 113, 'Jogada 17', 'C'),
    (3, 114, 'Jogada 18', 'C'),
    (3, 115, 'Jogada 19', 'C'),
    (3, 116, 'Jogada 20', 'C'),
    (3, 117, 'Jogada 21', 'C'),
    (3, 118, 'Jogada 22', 'C'),
    (3, 119, 'Jogada 23', 'C'),
    (3, 120, 'Jogada 24', 'C'),
    (3, 121, 'Jogada 25', 'C'),
    (3, 122, 'Jogada 26', 'C'),
    (3, 123, 'Jogada 27', 'C'),
    (3, 124, 'Jogada 28', 'C'),
    (4, 125, 'Jogada 0', 'C'),
    (4, 126, 'Jogada 1', 'C'),
    (4, 127, 'Jogada 2', 'C'),
    (4, 128, 'Jogada 3', 'C'),
    (4, 129, 'Jogada 4', 'C'),
    (4, 130, 'Jogada 5', 'C'),
    (4, 131, 'Jogada 6', 'C'),
    (4, 132, 'Jogada 7', 'C'),
    (4, 133, 'Jogada 8', 'C'),
    (4, 134, 'Jogada 9', 'C'),
    (4, 135, 'Jogada 10', 'C'),
    (4, 136, 'Jogada 11', 'C'),
    (4, 137, 'Jogada 12', 'C'),
    (4, 138, 'Jogada 13', 'C'),
    (4, 139, 'Jogada 14', 'C'),
    (4, 140, 'Jogada 15', 'C'),
    (4, 141, 'Jogada 16', 'C'),
    (4, 142, 'Jogada 17', 'C'),
    (4, 143, 'Jogada 18', 'C'),
    (4, 144, 'Jogada 19', 'C'),
    (4, 145, 'Jogada 20', 'C'),
    (4, 146, 'Jogada 21', 'C'),
    (4, 147, 'Jogada 22', 'C'),
    (4, 148, 'Jogada 23', 'C'),
    (4, 149, 'Jogada 24', 'C'),
    (4, 150, 'Jogada 25', 'C'),
    (4, 151, 'Jogada 26', 'C'),
    (4, 152, 'Jogada 27', 'C'),
    (4, 153, 'Jogada 28', 'C'),
    (4, 154, 'Jogada 29', 'C'),
    (4, 155, 'Jogada 30', 'C'),
    (4, 156, 'Jogada 31', 'C'),
    (4, 157, 'Jogada 32', 'C'),
    (4, 158, 'Jogada 33', 'C'),
    (5, 159, 'Jogada 0', 'C'),
    (5, 160, 'Jogada 1', 'C'),
    (5, 161, 'Jogada 2', 'C'),
    (5, 162, 'Jogada 3', 'C'),
    (5, 163, 'Jogada 4', 'C'),
    (5, 164, 'Jogada 5', 'C'),
    (5, 165, 'Jogada 6', 'C'),
    (5, 166, 'Jogada 7', 'C'),
    (5, 167, 'Jogada 8', 'C'),
    (5, 168, 'Jogada 9', 'C'),
    (5, 169, 'Jogada 10', 'C'),
    (5, 170, 'Jogada 11', 'C'),
    (5, 171, 'Jogada 12', 'C'),
    (5, 172, 'Jogada 13', 'C'),
    (5, 173, 'Jogada 14', 'C'),
    (5, 174, 'Jogada 15', 'C'),
    (5, 175, 'Jogada 16', 'C'),
    (5, 176, 'Jogada 17', 'C'),
    (5, 177, 'Jogada 18', 'C'),
    (5, 178, 'Jogada 19', 'C'),
    (5, 179, 'Jogada 20', 'C'),
    (5, 180, 'Jogada 21', 'C'),
    (5, 181, 'Jogada 22', 'C'),
    (5, 182, 'Jogada 23', 'C'),
    (5, 183, 'Jogada 24', 'C'),
    (5, 184, 'Jogada 25', 'C'),
    (5, 185, 'Jogada 26', 'C'),
    (5, 186, 'Jogada 27', 'C'),
    (6, 187, 'Jogada 0', 'C'),
    (6, 188, 'Jogada 1', 'C'),
    (6, 189, 'Jogada 2', 'C'),
    (6, 190, 'Jogada 3', 'C'),
    (6, 191, 'Jogada 4', 'C'),
    (6, 192, 'Jogada 5', 'C'),
    (6, 193, 'Jogada 6', 'C'),
    (6, 194, 'Jogada 7', 'C'),
    (6, 195, 'Jogada 8', 'C'),
    (6, 196, 'Jogada 9', 'C'),
    (6, 197, 'Jogada 10', 'C'),
    (6, 198, 'Jogada 11', 'C'),
    (6, 199, 'Jogada 12', 'C'),
    (6, 200, 'Jogada 13', 'C'),
    (6, 201, 'Jogada 14', 'C'),
    (6, 202, 'Jogada 15', 'C'),
    (6, 203, 'Jogada 16', 'C'),
    (6, 204, 'Jogada 17', 'C'),
    (6, 205, 'Jogada 18', 'C'),
    (6, 206, 'Jogada 19', 'C'),
    (6, 207, 'Jogada 20', 'C'),
    (6, 208, 'Jogada 21', 'C'),
    (6, 209, 'Jogada 22', 'C'),
    (6, 210, 'Jogada 23', 'C'),
    (6, 211, 'Jogada 24', 'C'),
    (6, 212, 'Jogada 25', 'C'),
    (6, 213, 'Jogada 26', 'C'),
    (6, 214, 'Jogada 27', 'C'),
    (6, 215, 'Jogada 28', 'C'),
    (6, 216, 'Jogada 29', 'C'),
    (6, 217, 'Jogada 30', 'C'),
    (6, 218, 'Jogada 31', 'C'),
    (6, 219, 'Jogada 32', 'C'),
    (6, 220, 'Jogada 33', 'C'),
    (6, 221, 'Jogada 34', 'C'),
    (6, 222, 'Jogada 35', 'C'),
    (6, 223, 'Jogada 36', 'C'),
    (6, 224, 'Jogada 37', 'C'),
    (6, 225, 'Jogada 38', 'C'),
    (6, 226, 'Jogada 39', 'C'),
    (6, 227, 'Jogada 40', 'C'),
    (6, 228, 'Jogada 41', 'C'),
    (6, 229, 'Jogada 42', 'C'),
    (6, 230, 'Jogada 43', 'C'),
    (6, 231, 'Jogada 44', 'C'),
    (6, 232, 'Jogada 45', 'C'),
    (6, 233, 'Jogada 46', 'C'),
    (6, 234, 'Jogada 47', 'C'),
    (6, 235, 'Jogada 48', 'C'),
    (6, 236, 'Jogada 49', 'C'),
    (6, 237, 'Jogada 50', 'C'),
    (6, 238, 'Jogada 51', 'C'),
    (6, 239, 'Jogada 52', 'C'),
    (6, 240, 'Jogada 53', 'C'),
    (6, 241, 'Jogada 54', 'C'),
    (6, 242, 'Jogada 55', 'C'),
    (7, 243, 'Jogada 0', 'C'),
    (7, 244, 'Jogada 1', 'C'),
    (7, 245, 'Jogada 2', 'C'),
    (7, 246, 'Jogada 3', 'C'),
    (7, 247, 'Jogada 4', 'C'),
    (7, 248, 'Jogada 5', 'C'),
    (7, 249, 'Jogada 6', 'C'),
    (7, 250, 'Jogada 7', 'C'),
    (7, 251, 'Jogada 8', 'C'),
    (7, 252, 'Jogada 9', 'C'),
    (7, 253, 'Jogada 10', 'C'),
    (7, 254, 'Jogada 11', 'C'),
    (7, 255, 'Jogada 12', 'C'),
    (7, 256, 'Jogada 13', 'C'),
    (7, 257, 'Jogada 14', 'C'),
    (7, 258, 'Jogada 15', 'C'),
    (7, 259, 'Jogada 16', 'C'),
    (7, 260, 'Jogada 17', 'C'),
    (7, 261, 'Jogada 18', 'C'),
    (7, 262, 'Jogada 19', 'C'),
    (7, 263, 'Jogada 20', 'C'),
    (7, 264, 'Jogada 21', 'C'),
    (7, 265, 'Jogada 22', 'C'),
    (7, 266, 'Jogada 23', 'C'),
    (7, 267, 'Jogada 24', 'C'),
    (7, 268, 'Jogada 25', 'C'),
    (7, 269, 'Jogada 26', 'C'),
    (7, 270, 'Jogada 27', 'C'),
    (7, 271, 'Jogada 28', 'C'),
    (7, 272, 'Jogada 29', 'C'),
    (7, 273, 'Jogada 30', 'C'),
    (7, 274, 'Jogada 31', 'C'),
    (7, 275, 'Jogada 32', 'C'),
    (7, 276, 'Jogada 33', 'C'),
    (7, 277, 'Jogada 34', 'C'),
    (7, 278, 'Jogada 35', 'C'),
    (7, 279, 'Jogada 36', 'C'),
    (7, 280, 'Jogada 37', 'C'),
    (7, 281, 'Jogada 38', 'C'),
    (7, 282, 'Jogada 39', 'C'),
    (7, 283, 'Jogada 40', 'C'),
    (7, 284, 'Jogada 41', 'C'),
    (7, 285, 'Jogada 42', 'C'),
    (7, 286, 'Jogada 43', 'C'),
    (7, 287, 'Jogada 44', 'C'),
    (7, 288, 'Jogada 45', 'C'),
    (7, 289, 'Jogada 46', 'C'),
    (7, 290, 'Jogada 47', 'C'),
    (7, 291, 'Jogada 48', 'C'),
    (7, 292, 'Jogada 49', 'C'),
    (7, 293, 'Jogada 50', 'C'),
    (7, 294, 'Jogada 51', 'C'),
    (7, 295, 'Jogada 52', 'C'),
    (7, 296, 'Jogada 53', 'C'),
    (8, 297, 'Jogada 0', 'C'),
    (8, 298, 'Jogada 1', 'C'),
    (8, 299, 'Jogada 2', 'C'),
    (8, 300, 'Jogada 3', 'C'),
    (8, 301, 'Jogada 4', 'C'),
    (8, 302, 'Jogada 5', 'C'),
    (8, 303, 'Jogada 6', 'C'),
    (8, 304, 'Jogada 7', 'C'),
    (8, 305, 'Jogada 8', 'C'),
    (8, 306, 'Jogada 9', 'C'),
    (8, 307, 'Jogada 10', 'C'),
    (8, 308, 'Jogada 11', 'C'),
    (8, 309, 'Jogada 12', 'C'),
    (8, 310, 'Jogada 13', 'C'),
    (8, 311, 'Jogada 14', 'C'),
    (8, 312, 'Jogada 15', 'C'),
    (8, 313, 'Jogada 16', 'C'),
    (8, 314, 'Jogada 17', 'C'),
    (8, 315, 'Jogada 18', 'C'),
    (8, 316, 'Jogada 19', 'C'),
    (8, 317, 'Jogada 20', 'C'),
    (8, 318, 'Jogada 21', 'C'),
    (8, 319, 'Jogada 22', 'C'),
    (8, 320, 'Jogada 23', 'C'),
    (8, 321, 'Jogada 24', 'C'),
    (8, 322, 'Jogada 25', 'C'),
    (8, 323, 'Jogada 26', 'C'),
    (8, 324, 'Jogada 27', 'C'),
    (8, 325, 'Jogada 28', 'C'),
    (8, 326, 'Jogada 29', 'C'),
    (8, 327, 'Jogada 30', 'C'),
    (8, 328, 'Jogada 31', 'C'),
    (8, 329, 'Jogada 32', 'C'),
    (8, 330, 'Jogada 33', 'C'),
    (8, 331, 'Jogada 34', 'C'),
    (8, 332, 'Jogada 35', 'C'),
    (8, 333, 'Jogada 36', 'C'),
    (8, 334, 'Jogada 37', 'C'),
    (8, 335, 'Jogada 38', 'C'),
    (8, 336, 'Jogada 39', 'C'),
    (8, 337, 'Jogada 40', 'C'),
    (8, 338, 'Jogada 41', 'C'),
    (8, 339, 'Jogada 42', 'C'),
    (8, 340, 'Jogada 43', 'C'),
    (8, 341, 'Jogada 44', 'C'),
    (8, 342, 'Jogada 45', 'C'),
    (8, 343, 'Jogada 46', 'C'),
    (8, 344, 'Jogada 47', 'C'),
    (8, 345, 'Jogada 48', 'C'),
    (8, 346, 'Jogada 49', 'C'),
    (8, 347, 'Jogada 50', 'C'),
    (8, 348, 'Jogada 51', 'C'),
    (8, 349, 'Jogada 52', 'C'),
    (8, 350, 'Jogada 53', 'C'),
    (8, 351, 'Jogada 54', 'C'),
    (9, 352, 'Jogada 0', 'C'),
    (9, 353, 'Jogada 1', 'C'),
    (9, 354, 'Jogada 2', 'C'),
    (9, 355, 'Jogada 3', 'C'),
    (9, 356, 'Jogada 4', 'C'),
    (9, 357, 'Jogada 5', 'C'),
    (9, 358, 'Jogada 6', 'C'),
    (9, 359, 'Jogada 7', 'C'),
    (9, 360, 'Jogada 8', 'C'),
    (9, 361, 'Jogada 9', 'C'),
    (9, 362, 'Jogada 10', 'C'),
    (9, 363, 'Jogada 11', 'C'),
    (9, 364, 'Jogada 12', 'C'),
    (9, 365, 'Jogada 13', 'C'),
    (9, 366, 'Jogada 14', 'C'),
    (9, 367, 'Jogada 15', 'C'),
    (9, 368, 'Jogada 16', 'C'),
    (9, 369, 'Jogada 17', 'C'),
    (9, 370, 'Jogada 18', 'C'),
    (9, 371, 'Jogada 19', 'C'),
    (9, 372, 'Jogada 20', 'C'),
    (9, 373, 'Jogada 21', 'C'),
    (9, 374, 'Jogada 22', 'C'),
    (9, 375, 'Jogada 23', 'C'),
    (9, 376, 'Jogada 24', 'C'),
    (9, 377, 'Jogada 25', 'C'),
    (9, 378, 'Jogada 26', 'C'),
    (9, 379, 'Jogada 27', 'C'),
    (9, 380, 'Jogada 28', 'C'),
    (9, 381, 'Jogada 29', 'C'),
    (9, 382, 'Jogada 30', 'C'),
    (9, 383, 'Jogada 31', 'C'),
    (9, 384, 'Jogada 32', 'C'),
    (9, 385, 'Jogada 33', 'C'),
    (10, 386, 'Jogada 0', 'C'),
    (10, 387, 'Jogada 1', 'C'),
    (10, 388, 'Jogada 2', 'C'),
    (10, 389, 'Jogada 3', 'C'),
    (10, 390, 'Jogada 4', 'C'),
    (10, 391, 'Jogada 5', 'C'),
    (10, 392, 'Jogada 6', 'C'),
    (10, 393, 'Jogada 7', 'C'),
    (10, 394, 'Jogada 8', 'C'),
    (10, 395, 'Jogada 9', 'C'),
    (10, 396, 'Jogada 10', 'C'),
    (10, 397, 'Jogada 11', 'C'),
    (10, 398, 'Jogada 12', 'C'),
    (10, 399, 'Jogada 13', 'C'),
    (10, 400, 'Jogada 14', 'C'),
    (10, 401, 'Jogada 15', 'C'),
    (10, 402, 'Jogada 16', 'C'),
    (10, 403, 'Jogada 17', 'C'),
    (10, 404, 'Jogada 18', 'C'),
    (10, 405, 'Jogada 19', 'C'),
    (10, 406, 'Jogada 20', 'C'),
    (10, 407, 'Jogada 21', 'C'),
    (10, 408, 'Jogada 22', 'C'),
    (10, 409, 'Jogada 23', 'C'),
    (10, 410, 'Jogada 24', 'C'),
    (10, 411, 'Jogada 25', 'C'),
    (10, 412, 'Jogada 26', 'C'),
    (10, 413, 'Jogada 27', 'C'),
    (10, 414, 'Jogada 28', 'C'),
    (10, 415, 'Jogada 29', 'C'),
    (10, 416, 'Jogada 30', 'C'),
    (10, 417, 'Jogada 31', 'C'),
    (10, 418, 'Jogada 32', 'C'),
    (10, 419, 'Jogada 33', 'C'),
    (10, 420, 'Jogada 34', 'C'),
    (10, 421, 'Jogada 35', 'C'),
    (10, 422, 'Jogada 36', 'C'),
    (10, 423, 'Jogada 37', 'C'),
    (10, 424, 'Jogada 38', 'C'),
    (10, 425, 'Jogada 39', 'C'),
    (10, 426, 'Jogada 40', 'C'),
    (10, 427, 'Jogada 41', 'C'),
    (10, 428, 'Jogada 42', 'C'),
    (10, 429, 'Jogada 43', 'C'),
    (10, 430, 'Jogada 44', 'C'),
    (10, 431, 'Jogada 45', 'C'),
    (10, 432, 'Jogada 46', 'C'),
    (10, 433, 'Jogada 47', 'C'),
    (10, 434, 'Jogada 48', 'C'),
    (10, 435, 'Jogada 49', 'C'),
    (10, 436, 'Jogada 50', 'C'),
    (11, 437, 'Jogada 0', 'C'),
    (11, 438, 'Jogada 1', 'C'),
    (11, 439, 'Jogada 2', 'C'),
    (11, 440, 'Jogada 3', 'C'),
    (11, 441, 'Jogada 4', 'C'),
    (11, 442, 'Jogada 5', 'C'),
    (11, 443, 'Jogada 6', 'C'),
    (11, 444, 'Jogada 7', 'C'),
    (11, 445, 'Jogada 8', 'C'),
    (11, 446, 'Jogada 9', 'C'),
    (11, 447, 'Jogada 10', 'C'),
    (11, 448, 'Jogada 11', 'C'),
    (11, 449, 'Jogada 12', 'C'),
    (11, 450, 'Jogada 13', 'C'),
    (11, 451, 'Jogada 14', 'C'),
    (11, 452, 'Jogada 15', 'C'),
    (11, 453, 'Jogada 16', 'C'),
    (11, 454, 'Jogada 17', 'C'),
    (11, 455, 'Jogada 18', 'C'),
    (11, 456, 'Jogada 19', 'C'),
    (11, 457, 'Jogada 20', 'C'),
    (11, 458, 'Jogada 21', 'C'),
    (11, 459, 'Jogada 22', 'C'),
    (11, 460, 'Jogada 23', 'C'),
    (11, 461, 'Jogada 24', 'C'),
    (11, 462, 'Jogada 25', 'C'),
    (11, 463, 'Jogada 26', 'C'),
    (11, 464, 'Jogada 27', 'C'),
    (11, 465, 'Jogada 28', 'C'),
    (11, 466, 'Jogada 29', 'C'),
    (11, 467, 'Jogada 30', 'C'),
    (11, 468, 'Jogada 31', 'C'),
    (11, 469, 'Jogada 32', 'C'),
    (11, 470, 'Jogada 33', 'C'),
    (11, 471, 'Jogada 34', 'C'),
    (11, 472, 'Jogada 35', 'C'),
    (11, 473, 'Jogada 36', 'C'),
    (11, 474, 'Jogada 37', 'C'),
    (11, 475, 'Jogada 38', 'C'),
    (11, 476, 'Jogada 39', 'C'),
    (11, 477, 'Jogada 40', 'C'),
    (11, 478, 'Jogada 41', 'C'),
    (12, 479, 'Jogada 0', 'C'),
    (12, 480, 'Jogada 1', 'C'),
    (12, 481, 'Jogada 2', 'C'),
    (12, 482, 'Jogada 3', 'C'),
    (12, 483, 'Jogada 4', 'C'),
    (12, 484, 'Jogada 5', 'C'),
    (12, 485, 'Jogada 6', 'C'),
    (12, 486, 'Jogada 7', 'C'),
    (12, 487, 'Jogada 8', 'C'),
    (12, 488, 'Jogada 9', 'C'),
    (12, 489, 'Jogada 10', 'C'),
    (12, 490, 'Jogada 11', 'C'),
    (12, 491, 'Jogada 12', 'C'),
    (12, 492, 'Jogada 13', 'C'),
    (12, 493, 'Jogada 14', 'C'),
    (12, 494, 'Jogada 15', 'C'),
    (12, 495, 'Jogada 16', 'C'),
    (12, 496, 'Jogada 17', 'C'),
    (12, 497, 'Jogada 18', 'C'),
    (13, 498, 'Jogada 0', 'C'),
    (13, 499, 'Jogada 1', 'C'),
    (13, 500, 'Jogada 2', 'C'),
    (13, 501, 'Jogada 3', 'C'),
    (13, 502, 'Jogada 4', 'C'),
    (13, 503, 'Jogada 5', 'C'),
    (13, 504, 'Jogada 6', 'C'),
    (13, 505, 'Jogada 7', 'C'),
    (13, 506, 'Jogada 8', 'C'),
    (13, 507, 'Jogada 9', 'C'),
    (13, 508, 'Jogada 10', 'C'),
    (13, 509, 'Jogada 11', 'C'),
    (13, 510, 'Jogada 12', 'C'),
    (13, 511, 'Jogada 13', 'C'),
    (13, 512, 'Jogada 14', 'C'),
    (13, 513, 'Jogada 15', 'C'),
    (13, 514, 'Jogada 16', 'C'),
    (13, 515, 'Jogada 17', 'C'),
    (13, 516, 'Jogada 18', 'C'),
    (13, 517, 'Jogada 19', 'C'),
    (13, 518, 'Jogada 20', 'C'),
    (13, 519, 'Jogada 21', 'C'),
    (13, 520, 'Jogada 22', 'C'),
    (13, 521, 'Jogada 23', 'C'),
    (13, 522, 'Jogada 24', 'C'),
    (13, 523, 'Jogada 25', 'C'),
    (13, 524, 'Jogada 26', 'C'),
    (13, 525, 'Jogada 27', 'C'),
    (13, 526, 'Jogada 28', 'C'),
    (13, 527, 'Jogada 29', 'C'),
    (13, 528, 'Jogada 30', 'C'),
    (13, 529, 'Jogada 31', 'C'),
    (13, 530, 'Jogada 32', 'C'),
    (13, 531, 'Jogada 33', 'C'),
    (13, 532, 'Jogada 34', 'C'),
    (13, 533, 'Jogada 35', 'C'),
    (13, 534, 'Jogada 36', 'C'),
    (13, 535, 'Jogada 37', 'C'),
    (13, 536, 'Jogada 38', 'C'),
    (13, 537, 'Jogada 39', 'C'),
    (13, 538, 'Jogada 40', 'C'),
    (13, 539, 'Jogada 41', 'C'),
    (14, 540, 'Jogada 0', 'C'),
    (14, 541, 'Jogada 1', 'C'),
    (14, 542, 'Jogada 2', 'C'),
    (14, 543, 'Jogada 3', 'C'),
    (14, 544, 'Jogada 4', 'C'),
    (14, 545, 'Jogada 5', 'C'),
    (14, 546, 'Jogada 6', 'C'),
    (14, 547, 'Jogada 7', 'C'),
    (14, 548, 'Jogada 8', 'C'),
    (14, 549, 'Jogada 9', 'C'),
    (14, 550, 'Jogada 10', 'C'),
    (14, 551, 'Jogada 11', 'C'),
    (14, 552, 'Jogada 12', 'C'),
    (14, 553, 'Jogada 13', 'C'),
    (14, 554, 'Jogada 14', 'C'),
    (14, 555, 'Jogada 15', 'C'),
    (14, 556, 'Jogada 16', 'C'),
    (14, 557, 'Jogada 17', 'C'),
    (14, 558, 'Jogada 18', 'C'),
    (14, 559, 'Jogada 19', 'C'),
    (14, 560, 'Jogada 20', 'C'),
    (14, 561, 'Jogada 21', 'C'),
    (14, 562, 'Jogada 22', 'C'),
    (14, 563, 'Jogada 23', 'C'),
    (14, 564, 'Jogada 24', 'C'),
    (14, 565, 'Jogada 25', 'C'),
    (14, 566, 'Jogada 26', 'C'),
    (14, 567, 'Jogada 27', 'C'),
    (14, 568, 'Jogada 28', 'C'),
    (14, 569, 'Jogada 29', 'C'),
    (14, 570, 'Jogada 30', 'C'),
    (14, 571, 'Jogada 31', 'C'),
    (14, 572, 'Jogada 32', 'C'),
    (14, 573, 'Jogada 33', 'C'),
    (14, 574, 'Jogada 34', 'C'),
    (14, 575, 'Jogada 35', 'C'),
    (14, 576, 'Jogada 36', 'C'),
    (14, 577, 'Jogada 37', 'C'),
    (14, 578, 'Jogada 38', 'C'),
    (14, 579, 'Jogada 39', 'C'),
    (14, 580, 'Jogada 40', 'C'),
    (14, 581, 'Jogada 41', 'C'),
    (14, 582, 'Jogada 42', 'C'),
    (14, 583, 'Jogada 43', 'C'),
    (14, 584, 'Jogada 44', 'C'),
    (14, 585, 'Jogada 45', 'C'),
    (14, 586, 'Jogada 46', 'C'),
    (14, 587, 'Jogada 47', 'C'),
    (14, 588, 'Jogada 48', 'C'),
    (14, 589, 'Jogada 49', 'C'),
    (14, 590, 'Jogada 50', 'C');

